{
  "playerpos": {
    "x": 415341,
    "y": 127682,
    "z": -11589
  },
  "difficulty": "easy",
  "courseName": "COURSE NAME",
  "description": "This is a description",
  "obstacles": [
    {
      "type": "ring",
      "number": 1,
      "position": {
        "x": 415122.42075055285,
        "y": 127557.76282872776,
        "z": -11914.219777964858
      },
      "rotation": {
        "x": 0,
        "y": 0,
        "z": 0,
        "w": 1
      }
    },
    {
      "type": "ring",
      "number": 2,
      "position": {
        "x": 415120.2293369687,
        "y": 127519.4087339652,
        "z": -12446.454098183573
      },
      "rotation": {
        "x": -0.24002723358577335,
        "y": 0,
        "z": 0,
        "w": 0.9707661547134616
      }
    },
    {
      "type": "box",
      "number": 3,
      "position": {
        "x": 415142.2896288332,
        "y": 127267.35396125019,
        "z": -12815.335915248754
      },
      "rotation": {
        "x": -0.33575071929551903,
        "y": -0.04382901191138233,
        "z": 0.1217960367096321,
        "w": 0.9330145752608796
      }
    }
  ]
}